n,X,Y,Lv,x,y
3001,27.196535,12.538299,89.169342,0.21098,0.09727
3002,27.179784,12.532507,89.122108,0.21097,0.09728
3003,27.176170,12.528309,89.103317,0.21098,0.09726
3004,27.181304,12.533768,89.125717,0.21097,0.09728
3005,27.174484,12.527660,89.094970,0.21099,0.09727
3006,27.183862,12.536254,89.116195,0.21100,0.09730
3007,27.183944,12.534301,89.113952,0.21100,0.09729
3008,27.176681,12.534275,89.085861,0.21100,0.09732
3009,27.176507,12.532683,89.085739,0.21101,0.09731
3010,27.172021,12.531562,89.075729,0.21100,0.09731
3011,27.155036,12.522236,89.021385,0.21100,0.09730
3012,27.165334,12.528924,89.048721,0.21100,0.09732
3013,27.154203,12.521637,89.016563,0.21100,0.09730
3014,27.155666,12.522228,89.009948,0.21102,0.09731
3015,27.161909,12.527760,89.031867,0.21101,0.09732
3016,27.177906,12.535478,89.067672,0.21104,0.09734
3017,27.201534,12.549179,89.130233,0.21106,0.09737
3018,27.160570,12.528085,89.007209,0.21104,0.09735
3019,27.170129,12.531064,89.031303,0.21106,0.09734
3020,27.155141,12.523249,89.002944,0.21103,0.09732
3021,27.145559,12.521712,88.985702,0.21100,0.09733
3022,27.161798,12.529563,89.022071,0.21103,0.09734
3023,27.166639,12.532514,89.030090,0.21104,0.09736
3024,27.156932,12.525968,88.994476,0.21105,0.09734
3025,27.156837,12.526561,88.997337,0.21104,0.09735
3026,27.159786,12.528799,89.006538,0.21104,0.09735
3027,27.172660,12.537858,89.039878,0.21105,0.09738
3028,27.170299,12.533755,89.028839,0.21106,0.09736
3029,27.162965,12.528382,89.006706,0.21106,0.09735
3030,27.167953,12.531884,89.017028,0.21107,0.09736
3031,27.171230,12.534409,89.019935,0.21108,0.09737
3032,27.156703,12.527923,88.984054,0.21106,0.09737
3033,27.168434,12.532111,89.018318,0.21107,0.09736
3034,27.166770,12.532875,89.027450,0.21104,0.09736
3035,27.176605,12.538286,89.041511,0.21107,0.09738
3036,27.183023,12.540971,89.055793,0.21108,0.09738
3037,27.166952,12.533465,89.005523,0.21108,0.09738
3038,27.156311,12.527934,88.977668,0.21107,0.09737
3039,27.151630,12.528203,88.962882,0.21106,0.09739
3040,27.172859,12.536681,89.010841,0.21110,0.09739
3041,27.171936,12.536369,89.003936,0.21111,0.09740
3042,27.174104,12.537115,89.015129,0.21110,0.09739
3043,27.164806,12.530828,88.992614,0.21109,0.09737
3044,27.161054,12.528632,88.991783,0.21107,0.09736
3045,27.146648,12.518905,88.952087,0.21106,0.09733
3046,27.174604,12.536146,89.026313,0.21109,0.09738
3047,27.163030,12.532187,88.991683,0.21108,0.09739
3048,27.157455,12.527728,88.969558,0.21109,0.09737
3049,27.143247,12.523343,88.936142,0.21106,0.09738
3050,27.152992,12.527272,88.960350,0.21108,0.09738
3051,27.142999,12.522341,88.937095,0.21106,0.09737
3052,27.136201,12.520944,88.921997,0.21105,0.09738
3053,27.134620,12.517791,88.916526,0.21105,0.09736
3054,27.113489,12.505171,88.862876,0.21103,0.09733
3055,27.143661,12.521873,88.941139,0.21106,0.09737
3056,27.140062,12.522921,88.921363,0.21107,0.09739
3057,27.142234,12.524531,88.936286,0.21105,0.09739
3058,27.128032,12.516499,88.892181,0.21105,0.09738
3059,27.135671,12.518938,88.917297,0.21105,0.09737
3060,27.130382,12.515345,88.900688,0.21106,0.09736
3061,27.129282,12.513720,88.895164,0.21106,0.09735
3062,27.138292,12.520076,88.919830,0.21106,0.09737
3063,27.116722,12.511402,88.862380,0.21104,0.09737
3064,27.123031,12.512090,88.877655,0.21105,0.09736
3065,27.145223,12.525774,88.943672,0.21106,0.09739
3066,27.122070,12.513830,88.873786,0.21105,0.09738
3067,27.143150,12.521518,88.916503,0.21110,0.09738
3068,27.128538,12.516931,88.871765,0.21109,0.09739
3069,27.142992,12.523973,88.923355,0.21108,0.09739
3070,27.142585,12.521615,88.925247,0.21108,0.09738
3071,27.149677,12.526495,88.950721,0.21107,0.09739
3072,27.126747,12.516034,88.876472,0.21107,0.09739
3073,27.139060,12.521257,88.916824,0.21107,0.09738
3074,27.136716,12.522160,88.903221,0.21108,0.09740
3075,27.137706,12.520151,88.901695,0.21109,0.09739
3076,27.152463,12.530140,88.946670,0.21109,0.09741
3077,27.137081,12.520682,88.912178,0.21107,0.09738
3078,27.124794,12.512562,88.872657,0.21107,0.09737
3079,27.120399,12.512366,88.859985,0.21107,0.09738
3080,27.127349,12.517333,88.886398,0.21106,0.09739
3081,27.129699,12.517850,88.888267,0.21107,0.09739
3082,27.142339,12.525229,88.916381,0.21109,0.09741
3083,27.136920,12.520041,88.898223,0.21109,0.09739
3084,27.129987,12.517351,88.872688,0.21110,0.09740
3085,27.138061,12.521728,88.898506,0.21110,0.09740
3086,27.135864,12.521674,88.890663,0.21109,0.09741
3087,27.131309,12.518977,88.878913,0.21109,0.09740
3088,27.132793,12.518291,88.874649,0.21111,0.09740
3089,27.130533,12.517657,88.880966,0.21108,0.09739
3090,27.132841,12.521106,88.886856,0.21108,0.09741
3091,27.141046,12.523493,88.912063,0.21109,0.09740
3092,27.141462,12.525198,88.919708,0.21108,0.09741
3093,27.130952,12.516077,88.882019,0.21109,0.09738
3094,27.146564,12.524395,88.921386,0.21111,0.09740
3095,27.133308,12.518516,88.876296,0.21111,0.09740
3096,27.132278,12.516541,88.871269,0.21111,0.09739
3097,27.148006,12.526881,88.910789,0.21113,0.09742
3098,27.145069,12.524334,88.896842,0.21114,0.09742
3099,27.156087,12.531110,88.926368,0.21114,0.09743
3100,27.160015,12.531686,88.938690,0.21115,0.09742
3101,27.152845,12.530678,88.914863,0.21114,0.09744
3102,27.181957,12.543623,88.984672,0.21119,0.09746
3103,27.164615,12.535792,88.927116,0.21119,0.09746
3104,27.170059,12.539158,88.960868,0.21116,0.09745
3105,27.156908,12.531118,88.921714,0.21116,0.09744
3106,27.155452,12.531428,88.923736,0.21114,0.09744
3107,27.134124,12.521392,88.868675,0.21112,0.09742
3108,27.129898,12.522394,88.860527,0.21111,0.09744
3109,27.137695,12.522922,88.878372,0.21112,0.09743
3110,27.151777,12.528853,88.914703,0.21114,0.09743
3111,27.142784,12.527915,88.881286,0.21114,0.09745
3112,27.144683,12.524878,88.899948,0.21113,0.09742
3113,27.133153,12.520205,88.867393,0.21112,0.09742
3114,27.145797,12.526339,88.909194,0.21112,0.09742
3115,27.151607,12.529068,88.913772,0.21114,0.09743
3116,27.134758,12.521645,88.866210,0.21113,0.09743
3117,27.130516,12.519367,88.854949,0.21112,0.09742
3118,27.133676,12.520972,88.867485,0.21112,0.09742
3119,27.135103,12.523040,88.873672,0.21112,0.09743
3120,27.123891,12.516734,88.843063,0.21111,0.09742
3121,27.123783,12.518713,88.841072,0.21111,0.09743
3122,27.137968,12.524101,88.878234,0.21112,0.09743
3123,27.136098,12.524769,88.867523,0.21113,0.09745
3124,27.141427,12.524905,88.885955,0.21113,0.09743
3125,27.135129,12.523724,88.855667,0.21114,0.09745
3126,27.136919,12.525688,88.861785,0.21114,0.09746
3127,27.137254,12.525012,88.866020,0.21114,0.09745
3128,27.151035,12.531174,88.898643,0.21116,0.09746
3129,27.129701,12.521123,88.844131,0.21113,0.09744
3130,27.152330,12.530433,88.900581,0.21117,0.09745
3131,27.157722,12.534232,88.915786,0.21117,0.09746
3132,27.141922,12.528299,88.873184,0.21115,0.09746
3133,27.145275,12.528456,88.884857,0.21115,0.09745
3134,27.159984,12.536843,88.920127,0.21117,0.09747
3135,27.155109,12.534027,88.913208,0.21116,0.09746
3136,27.144060,12.529571,88.885147,0.21114,0.09746
3137,27.147933,12.529988,88.889480,0.21116,0.09746
3138,27.139705,12.526176,88.875686,0.21114,0.09745
3139,27.146732,12.527298,88.891571,0.21115,0.09744
3140,27.148267,12.529233,88.899116,0.21114,0.09745
3141,27.137533,12.521447,88.878425,0.21113,0.09741
3142,27.137723,12.523239,88.874114,0.21113,0.09743
3143,27.148197,12.528481,88.920745,0.21111,0.09742
3144,27.147659,12.526372,88.907264,0.21113,0.09742
3145,27.128494,12.519160,88.861763,0.21110,0.09742
3146,27.149049,12.528964,88.918998,0.21112,0.09743
3147,27.144954,12.528651,88.895423,0.21113,0.09745
3148,27.126232,12.519119,88.851654,0.21110,0.09743
3149,27.125850,12.520041,88.844749,0.21111,0.09744
3150,27.122985,12.517676,88.839996,0.21111,0.09743
3151,27.114803,12.512870,88.819580,0.21110,0.09742
3152,27.115865,12.514422,88.825294,0.21109,0.09742
3153,27.129076,12.522385,88.858833,0.21110,0.09744
3154,27.120759,12.517301,88.835205,0.21110,0.09743
3155,27.119874,12.516008,88.832267,0.21110,0.09742
3156,27.134109,12.523708,88.862510,0.21113,0.09745
3157,27.132123,12.523653,88.868072,0.21111,0.09744
3158,27.131340,12.521413,88.855430,0.21113,0.09744
3159,27.141742,12.528336,88.878143,0.21114,0.09746
3160,27.158639,12.536210,88.926017,0.21115,0.09747
3161,27.153030,12.533397,88.914588,0.21114,0.09746
3162,27.154649,12.534018,88.912933,0.21115,0.09746
3163,27.158349,12.536763,88.927185,0.21115,0.09747
3164,27.141307,12.527838,88.883544,0.21113,0.09745
3165,27.147932,12.532585,88.906417,0.21113,0.09746
3166,27.120565,12.517977,88.825973,0.21111,0.09744
3167,27.150829,12.532379,88.903060,0.21115,0.09746
3168,27.139688,12.528506,88.874626,0.21113,0.09747
3169,27.152584,12.535487,88.908622,0.21115,0.09748
3170,27.168708,12.543498,88.945426,0.21117,0.09750
3171,27.141511,12.530720,88.873306,0.21114,0.09748
3172,27.148239,12.533441,88.888832,0.21115,0.09748
3173,27.133022,12.526062,88.848373,0.21114,0.09747
3174,27.137752,12.527135,88.863815,0.21114,0.09747
3175,27.137134,12.528018,88.862045,0.21114,0.09747
3176,27.136850,12.525582,88.864891,0.21114,0.09745
3177,27.142040,12.528965,88.889053,0.21112,0.09746
3178,27.137342,12.524230,88.878128,0.21112,0.09743
3179,27.135652,12.524004,88.874877,0.21112,0.09744
3180,27.135549,12.525531,88.864524,0.21113,0.09746
3181,27.140571,12.525239,88.880676,0.21113,0.09744
3182,27.137210,12.524276,88.872344,0.21113,0.09744
3183,27.138441,12.526922,88.875793,0.21113,0.09745
3184,27.139841,12.529068,88.868438,0.21114,0.09747
3185,27.130620,12.523974,88.842063,0.21114,0.09747
3186,27.151224,12.533635,88.896636,0.21116,0.09748
3187,27.139089,12.529732,88.864288,0.21114,0.09748
3188,27.146818,12.530742,88.873405,0.21118,0.09748
3189,27.133613,12.526161,88.846786,0.21115,0.09747
3190,27.138563,12.528863,88.869110,0.21114,0.09747
3191,27.143297,12.528274,88.874755,0.21116,0.09746
3192,27.132696,12.523560,88.848434,0.21114,0.09746
3193,27.134355,12.522853,88.857719,0.21114,0.09744
3194,27.137819,12.525361,88.863067,0.21115,0.09745
3195,27.128536,12.522745,88.825195,0.21116,0.09747
3196,27.131729,12.525095,88.827529,0.21117,0.09748
3197,27.136386,12.528552,88.833732,0.21118,0.09750
3198,27.156873,12.537509,88.887039,0.21120,0.09751
3199,27.159048,12.539481,88.904869,0.21118,0.09751
3200,27.156400,12.539163,88.884254,0.21120,0.09752
3201,27.149496,12.535317,88.868522,0.21119,0.09751
3202,27.138050,12.530905,88.839408,0.21118,0.09751
3203,27.145923,12.530228,88.857986,0.21120,0.09749
3204,27.138454,12.531075,88.833366,0.21119,0.09752
3205,27.156782,12.539682,88.884750,0.21120,0.09752
3206,27.156463,12.538627,88.887107,0.21120,0.09751
3207,27.137660,12.530061,88.827003,0.21120,0.09751
3208,27.151678,12.535044,88.870109,0.21120,0.09751
3209,27.134845,12.527323,88.821357,0.21119,0.09750
3210,27.139633,12.529377,88.833526,0.21120,0.09750
3211,27.151094,12.537936,88.871093,0.21119,0.09753
3212,27.146642,12.533207,88.863975,0.21119,0.09750
3213,27.139806,12.529984,88.849571,0.21117,0.09749
3214,27.138357,12.528393,88.846420,0.21117,0.09749
3215,27.136325,12.527267,88.845733,0.21116,0.09748
3216,27.148050,12.533825,88.886138,0.21116,0.09749
3217,27.142587,12.530841,88.870101,0.21115,0.09748
3218,27.117658,12.517759,88.803100,0.21113,0.09746
3219,27.129413,12.522200,88.831825,0.21115,0.09746
3220,27.141248,12.531102,88.875999,0.21114,0.09748
3221,27.153572,12.537496,88.904296,0.21116,0.09750
3222,27.161468,12.541615,88.920715,0.21117,0.09751
3223,27.167148,12.546541,88.937896,0.21117,0.09752
3224,27.168903,12.545938,88.936454,0.21118,0.09752
3225,27.170839,12.545782,88.937767,0.21119,0.09752
3226,27.165464,12.544612,88.917953,0.21119,0.09753
3227,27.180854,12.550917,88.958023,0.21121,0.09753
3228,27.178215,12.549861,88.949737,0.21121,0.09753
3229,27.184906,12.555479,88.965019,0.21122,0.09755
3230,27.177452,12.550296,88.940338,0.21122,0.09754
3231,27.167051,12.544479,88.910491,0.21122,0.09753
3232,27.175416,12.548154,88.937942,0.21122,0.09753
3233,27.179189,12.547389,88.949623,0.21122,0.09751
3234,27.168910,12.546052,88.923065,0.21120,0.09753
3235,27.166320,12.545365,88.921768,0.21119,0.09753
3236,27.150680,12.535098,88.881278,0.21118,0.09750
3237,27.157669,12.539122,88.898658,0.21119,0.09751
3238,27.164928,12.544280,88.926384,0.21118,0.09752
3239,27.173721,12.548233,88.945701,0.21119,0.09752
3240,27.147821,12.534224,88.874313,0.21117,0.09750
3241,27.163553,12.543525,88.911331,0.21119,0.09753
3242,27.153638,12.539400,88.884895,0.21118,0.09752
3243,27.144445,12.534402,88.851409,0.21119,0.09752
3244,27.162065,12.540164,88.907417,0.21120,0.09751
3245,27.155204,12.542051,88.892143,0.21118,0.09754
3246,27.142410,12.534004,88.859931,0.21117,0.09751
3247,27.152784,12.541216,88.887832,0.21117,0.09753
3248,27.161115,12.544098,88.909484,0.21118,0.09753
3249,27.162111,12.540705,88.913703,0.21119,0.09750
3250,27.137857,12.531141,88.851585,0.21116,0.09750
3251,27.159126,12.545533,88.906913,0.21117,0.09755
3252,27.145957,12.535990,88.866004,0.21117,0.09752
3253,27.162134,12.543251,88.913673,0.21118,0.09752
3254,27.169223,12.547562,88.936576,0.21118,0.09753
3255,27.131942,12.529506,88.827941,0.21116,0.09751
3256,27.141969,12.534806,88.858207,0.21116,0.09752
3257,27.144519,12.534162,88.862701,0.21117,0.09751
3258,27.160142,12.542572,88.899436,0.21120,0.09753
3259,27.162212,12.540583,88.912841,0.21119,0.09750
3260,27.141166,12.531015,88.859184,0.21116,0.09749
3261,27.135149,12.527637,88.856590,0.21114,0.09748
3262,27.138854,12.529603,88.858337,0.21115,0.09749
3263,27.129882,12.527515,88.843437,0.21113,0.09749
3264,27.138883,12.531373,88.865028,0.21114,0.09749
3265,27.127899,12.525417,88.829765,0.21114,0.09749
3266,27.133455,12.527567,88.848182,0.21114,0.09748
3267,27.129409,12.525972,88.844123,0.21112,0.09748
3268,27.167175,12.543496,88.946983,0.21116,0.09750
3269,27.146440,12.535357,88.892753,0.21113,0.09749
3270,27.161012,12.543530,88.933952,0.21114,0.09751
3271,27.155084,12.537633,88.916069,0.21114,0.09749
3272,27.140651,12.532182,88.868721,0.21114,0.09750
3273,27.150827,12.536188,88.902519,0.21114,0.09749
3274,27.121738,12.523560,88.809089,0.21114,0.09749
3275,27.135849,12.529493,88.858680,0.21113,0.09749
3276,27.129243,12.527821,88.844078,0.21112,0.09749
3277,27.115938,12.517840,88.798622,0.21113,0.09747
3278,27.135305,12.528558,88.847900,0.21115,0.09749
3279,27.133657,12.525537,88.846618,0.21115,0.09747
3280,27.121536,12.523948,88.820106,0.21112,0.09749
3281,27.143960,12.536166,88.878906,0.21114,0.09751
3282,27.132909,12.528125,88.847969,0.21114,0.09749
3283,27.133047,12.528729,88.843185,0.21114,0.09750
3284,27.127582,12.525019,88.831504,0.21114,0.09748
3285,27.158918,12.542001,88.921478,0.21115,0.09751
3286,27.148998,12.538060,88.891189,0.21115,0.09751
3287,27.157155,12.540381,88.926010,0.21114,0.09750
3288,27.121967,12.523870,88.829818,0.21111,0.09748
3289,27.113918,12.516962,88.809394,0.21110,0.09745
3290,27.142738,12.528703,88.890808,0.21113,0.09745
3291,27.131711,12.525176,88.861351,0.21111,0.09746
3292,27.154174,12.536892,88.915138,0.21114,0.09748
3293,27.143865,12.531547,88.874382,0.21115,0.09748
3294,27.140907,12.532374,88.876236,0.21113,0.09749
3295,27.146362,12.535691,88.886558,0.21114,0.09750
3296,27.144819,12.533111,88.864311,0.21117,0.09750
3297,27.156579,12.539627,88.890457,0.21119,0.09752
3298,27.160825,12.545031,88.900779,0.21119,0.09755
3299,27.175188,12.548856,88.923973,0.21124,0.09754
3300,27.166843,12.549452,88.907257,0.21121,0.09757
3301,27.171962,12.548346,88.918647,0.21123,0.09755
3302,27.173172,12.551118,88.924407,0.21122,0.09756
3303,27.161876,12.544031,88.886207,0.21123,0.09755
3304,27.137748,12.530581,88.826324,0.21120,0.09752
3305,27.146707,12.536188,88.846694,0.21121,0.09754
3306,27.155471,12.541638,88.865570,0.21122,0.09755
3307,27.177684,12.554540,88.937217,0.21122,0.09757
3308,27.171772,12.552052,88.901435,0.21125,0.09759
3309,27.174543,12.553483,88.912597,0.21124,0.09759
3310,27.167926,12.548245,88.888526,0.21125,0.09757
3311,27.168342,12.548864,88.890319,0.21125,0.09757
3312,27.177967,12.552532,88.930320,0.21124,0.09756
3313,27.161661,12.541210,88.890884,0.21122,0.09753
3314,27.150333,12.537496,88.861518,0.21121,0.09753
3315,27.145133,12.535736,88.847206,0.21120,0.09753
3316,27.160640,12.543023,88.897262,0.21120,0.09753
3317,27.164230,12.544414,88.907180,0.21120,0.09753
3318,27.141157,12.531222,88.843872,0.21119,0.09751
3319,27.134004,12.527630,88.833709,0.21117,0.09749
3320,27.146980,12.533238,88.870704,0.21118,0.09750
3321,27.159030,12.539876,88.907272,0.21118,0.09751
3322,27.126878,12.520113,88.817939,0.21116,0.09746
3323,27.134407,12.526837,88.843971,0.21115,0.09748
3324,27.139471,12.528953,88.859878,0.21116,0.09748
3325,27.145915,12.532337,88.867500,0.21118,0.09749
3326,27.146421,12.531486,88.866432,0.21118,0.09749
3327,27.126403,12.522660,88.820823,0.21115,0.09748
3328,27.133295,12.525916,88.833671,0.21117,0.09748
3329,27.127159,12.522832,88.805648,0.21118,0.09749
3330,27.143720,12.532332,88.856323,0.21118,0.09750
3331,27.138147,12.531433,88.840980,0.21117,0.09751
3332,27.149206,12.535914,88.871147,0.21119,0.09751
3333,27.165222,12.544428,88.912986,0.21120,0.09753
3334,27.146764,12.533946,88.864974,0.21118,0.09751
3335,27.136707,12.529162,88.838058,0.21117,0.09750
3336,27.137811,12.529091,88.829101,0.21120,0.09751
3337,27.140216,12.532382,88.841957,0.21118,0.09752
3338,27.138473,12.529657,88.834533,0.21119,0.09751
3339,27.146551,12.533084,88.854598,0.21120,0.09751
3340,27.145788,12.535653,88.843261,0.21121,0.09753
3341,27.150260,12.538427,88.866958,0.21119,0.09753
3342,27.136863,12.531203,88.833091,0.21118,0.09752
3343,27.148712,12.535422,88.865173,0.21119,0.09751
3344,27.127014,12.525629,88.796348,0.21119,0.09751
3345,27.137577,12.533011,88.824440,0.21120,0.09754
3346,27.140605,12.531185,88.834083,0.21120,0.09751
3347,27.133983,12.527071,88.821868,0.21119,0.09750
3348,27.130281,12.524927,88.819725,0.21117,0.09749
3349,27.138801,12.529736,88.849899,0.21117,0.09749
3350,27.145349,12.536531,88.860778,0.21118,0.09753
3351,27.140674,12.531835,88.849609,0.21118,0.09751
3352,27.140163,12.532012,88.840576,0.21119,0.09752
3353,27.135076,12.529405,88.830223,0.21118,0.09751
3354,27.140169,12.534202,88.831634,0.21120,0.09754
3355,27.139745,12.531683,88.825569,0.21121,0.09753
3356,27.157199,12.544386,88.874328,0.21122,0.09756
3357,27.131532,12.528458,88.799690,0.21121,0.09753
3358,27.132644,12.530606,88.790496,0.21123,0.09755
3359,27.148775,12.536542,88.850227,0.21122,0.09753
3360,27.128795,12.527699,88.793197,0.21120,0.09753
3361,27.148622,12.538846,88.845275,0.21122,0.09755
3362,27.127256,12.529176,88.794738,0.21119,0.09754
3363,27.146389,12.538353,88.853424,0.21119,0.09755
3364,27.141670,12.534381,88.830932,0.21121,0.09754
3365,27.137517,12.533029,88.823638,0.21120,0.09754
3366,27.147945,12.535093,88.866630,0.21119,0.09751
3367,27.132465,12.529666,88.814125,0.21119,0.09753
3368,27.127731,12.527466,88.811721,0.21117,0.09752
3369,27.140485,12.532849,88.843116,0.21118,0.09752
3370,27.137304,12.532983,88.839538,0.21117,0.09753
3371,27.131658,12.527307,88.818733,0.21118,0.09751
3372,27.125431,12.524345,88.805175,0.21117,0.09750
3373,27.126628,12.525236,88.805847,0.21117,0.09750
3374,27.125345,12.523753,88.807510,0.21116,0.09749
3375,27.137893,12.532404,88.851905,0.21115,0.09751
3376,27.136304,12.531634,88.836189,0.21117,0.09752
3377,27.123426,12.527380,88.803939,0.21115,0.09752
3378,27.140836,12.535701,88.837226,0.21119,0.09754
3379,27.132337,12.531081,88.811401,0.21119,0.09754
3380,27.151187,12.539318,88.859741,0.21121,0.09754
3381,27.144115,12.537866,88.849853,0.21119,0.09755
3382,27.151390,12.542229,88.865524,0.21120,0.09756
3383,27.156707,12.543243,88.878227,0.21121,0.09755
3384,27.156188,12.543505,88.871208,0.21122,0.09756
3385,27.163787,12.544772,88.880523,0.21124,0.09756
3386,27.151578,12.539390,88.846679,0.21123,0.09755
3387,27.172473,12.548600,88.915985,0.21123,0.09755
3388,27.152568,12.537841,88.862586,0.21122,0.09753
3389,27.151224,12.537596,88.862968,0.21121,0.09753
3390,27.123786,12.523937,88.792846,0.21118,0.09751
3391,27.145372,12.537434,88.857734,0.21118,0.09754
3392,27.144916,12.534837,88.843940,0.21121,0.09753
3393,27.140579,12.532845,88.842552,0.21118,0.09752
3394,27.135620,12.529436,88.818588,0.21120,0.09752
3395,27.140197,12.533111,88.824951,0.21121,0.09754
3396,27.152021,12.539652,88.860015,0.21121,0.09755
3397,27.147745,12.536789,88.860115,0.21119,0.09753
3398,27.142808,12.532612,88.846267,0.21119,0.09751
3399,27.137996,12.530301,88.838165,0.21118,0.09751
3400,27.119840,12.524643,88.793243,0.21115,0.09752
3401,27.135131,12.531991,88.843429,0.21115,0.09752
3402,27.131732,12.528752,88.828498,0.21116,0.09751
3403,27.139196,12.530910,88.842269,0.21118,0.09751
3404,27.131414,12.528438,88.818290,0.21118,0.09751
3405,27.134586,12.530325,88.828430,0.21118,0.09752
3406,27.159046,12.541288,88.885009,0.21121,0.09753
3407,27.148273,12.535554,88.854400,0.21121,0.09752
3408,27.137420,12.531436,88.830665,0.21119,0.09752
3409,27.134939,12.530981,88.829444,0.21117,0.09752
3410,27.137735,12.530017,88.839180,0.21118,0.09750
3411,27.136791,12.530641,88.832366,0.21118,0.09751
3412,27.134689,12.531598,88.832061,0.21117,0.09752
3413,27.137046,12.530824,88.824798,0.21120,0.09752
3414,27.125537,12.525842,88.792327,0.21119,0.09752
3415,27.150732,12.537505,88.860748,0.21121,0.09753
3416,27.133985,12.531486,88.815315,0.21119,0.09754
3417,27.132698,12.529553,88.809555,0.21120,0.09753
3418,27.138225,12.532042,88.830253,0.21119,0.09753
3419,27.135347,12.529500,88.818527,0.21120,0.09752
3420,27.139902,12.531308,88.831123,0.21120,0.09752
3421,27.142105,12.533576,88.837776,0.21120,0.09753
3422,27.140491,12.530099,88.827743,0.21121,0.09751
3423,27.149288,12.536611,88.857055,0.21121,0.09753
3424,27.131200,12.528566,88.800865,0.21120,0.09753
3425,27.145936,12.535400,88.837966,0.21122,0.09754
3426,27.130302,12.530158,88.793006,0.21121,0.09755
3427,27.132715,12.529793,88.799545,0.21121,0.09754
3428,27.140960,12.532443,88.821380,0.21122,0.09753
3429,27.139398,12.534978,88.825790,0.21120,0.09755
3430,27.132427,12.527750,88.810188,0.21120,0.09751
3431,27.149171,12.536235,88.854934,0.21121,0.09753
3432,27.145679,12.533682,88.846954,0.21121,0.09752
3433,27.147680,12.537594,88.855690,0.21120,0.09754
3434,27.139076,12.534265,88.825042,0.21120,0.09754
3435,27.145755,12.534790,88.840759,0.21122,0.09753
3436,27.144054,12.538307,88.834167,0.21121,0.09756
3437,27.145812,12.536929,88.841201,0.21121,0.09755
3438,27.125068,12.526593,88.787162,0.21119,0.09753
3439,27.141210,12.534546,88.830352,0.21121,0.09754
3440,27.138177,12.532962,88.818862,0.21121,0.09754
3441,27.128271,12.526979,88.795890,0.21120,0.09752
3442,27.136312,12.531123,88.821540,0.21120,0.09753
3443,27.147544,12.537309,88.843986,0.21122,0.09754
3444,27.150825,12.539266,88.832862,0.21125,0.09756
3445,27.128507,12.530259,88.782371,0.21121,0.09756
3446,27.130218,12.528396,88.795700,0.21121,0.09753
3447,27.135011,12.530560,88.819046,0.21119,0.09753
3448,27.120082,12.520688,88.779068,0.21118,0.09750
3449,27.119470,12.522609,88.773071,0.21119,0.09752
3450,27.143615,12.535581,88.842964,0.21120,0.09754
3451,27.139274,12.531444,88.819984,0.21122,0.09753
3452,27.136644,12.531748,88.818328,0.21120,0.09753
3453,27.150190,12.536622,88.854293,0.21122,0.09753
3454,27.134489,12.529559,88.812095,0.21120,0.09752
3455,27.133623,12.527217,88.809402,0.21121,0.09751
3456,27.120418,12.524113,88.769554,0.21120,0.09753
3457,27.119668,12.525609,88.764564,0.21120,0.09754
3458,27.126123,12.527980,88.783790,0.21120,0.09754
3459,27.130260,12.527726,88.799484,0.21120,0.09752
3460,27.134895,12.533230,88.813324,0.21120,0.09755
3461,27.121540,12.525834,88.780517,0.21118,0.09753
3462,27.123710,12.526453,88.788757,0.21118,0.09753
3463,27.112731,12.520436,88.759643,0.21117,0.09752
3464,27.124629,12.527266,88.787315,0.21119,0.09753
3465,27.120052,12.524023,88.774917,0.21118,0.09752
3466,27.119882,12.523777,88.769813,0.21119,0.09753
3467,27.107887,12.517828,88.743263,0.21117,0.09751
3468,27.129013,12.528750,88.801239,0.21119,0.09753
3469,27.122760,12.524402,88.785156,0.21118,0.09752
3470,27.116348,12.519651,88.775939,0.21117,0.09750
3471,27.126647,12.526499,88.805824,0.21117,0.09751
3472,27.139080,12.531298,88.828041,0.21120,0.09752
3473,27.116020,12.519139,88.771858,0.21117,0.09750
3474,27.125778,12.523513,88.795593,0.21119,0.09750
3475,27.130435,12.528531,88.803726,0.21119,0.09753
3476,27.111806,12.520490,88.757644,0.21117,0.09752
3477,27.125778,12.526119,88.783226,0.21120,0.09753
3478,27.110824,12.518906,88.754264,0.21117,0.09751
3479,27.122400,12.522206,88.776443,0.21120,0.09751
3480,27.116661,12.520036,88.764770,0.21119,0.09751
3481,27.127269,12.528309,88.791503,0.21119,0.09754
3482,27.120071,12.521389,88.786033,0.21117,0.09750
3483,27.132228,12.527881,88.813331,0.21119,0.09751
3484,27.131990,12.528143,88.821517,0.21117,0.09751
3485,27.119998,12.522613,88.778511,0.21118,0.09751
3486,27.123559,12.524260,88.789115,0.21118,0.09751
3487,27.125574,12.528427,88.792549,0.21118,0.09754
3488,27.118915,12.524170,88.758316,0.21120,0.09754
3489,27.140575,12.532861,88.815414,0.21123,0.09754
3490,27.125661,12.527094,88.770240,0.21122,0.09755
3491,27.141513,12.537302,88.804954,0.21124,0.09758
3492,27.121480,12.521935,88.756599,0.21123,0.09752
3493,27.130119,12.525748,88.793502,0.21121,0.09752
3494,27.120550,12.525678,88.786644,0.21117,0.09753
3495,27.132400,12.528582,88.814842,0.21119,0.09752
3496,27.123123,12.523050,88.784683,0.21119,0.09751
3497,27.131584,12.528941,88.805763,0.21120,0.09753
3498,27.123630,12.523354,88.772293,0.21121,0.09752
3499,27.127931,12.527888,88.791503,0.21120,0.09753
3500,27.135105,12.528720,88.809074,0.21121,0.09752
